序,學校名稱,系所名稱,學制名稱,班級名稱,學號,入學方式,原具身份,招生類別,郵遞區號,畢業學校,前畢業科系
1,國立澎湖科技大學,應用外語系,四技日間部,日間部四技應用外語系一甲,SC70308169,技優甄審,技優生,商業類,247,台北縣私立穀保家商,資料處理科
2,國立澎湖科技大學,應用外語系,四技日間部,日間部四技應用外語系一甲,S59DE9A51F,甄選入學,甄選一般生,商管群,814,高雄市市立海青工商,資料處理科
3,國立澎湖科技大學,應用外語系,四技日間部,日間部四技應用外語系一甲,S04B142AB1,甄選入學,甄選一般生,餐旅群,434,台中縣私立僑泰高中,餐飲管理科
4,國立澎湖科技大學,應用外語系,四技日間部,日間部四技應用外語系一甲,S4D0954805,甄選入學,甄選一般生,餐旅群,880,澎湖縣國立澎湖海事高職,餐飲管理科
5,國立澎湖科技大學,應用外語系,四技日間部,日間部四技應用外語系一甲,S518FC52BD,甄選入學,甄選一般生,餐旅群,212,連江縣國立馬祖高中,綜合高中部
6,國立澎湖科技大學,應用外語系,四技日間部,日間部四技應用外語系一甲,S78529FD06,聯合登記分發,聯登一般生,商管群,428,台中市國立台中高工,機械科
7,國立澎湖科技大學,應用外語系,四技日間部,日間部四技應用外語系一甲,S491E7D55A,聯合登記分發,聯登一般生,商管群,502,南投縣國立草屯商工,商業經營科
8,國立澎湖科技大學,應用外語系,四技日間部,日間部四技應用外語系一甲,S12ABEE024,聯合登記分發,聯登一般生,商管群,710,臺南市國立新化高工,資料處理科
9,國立澎湖科技大學,應用外語系,四技日間部,日間部四技應用外語系一甲,S0F534CC4A,聯合登記分發,聯登一般生,外語群英語類,303,新北市立光復高級中學,應用英語科
10,國立澎湖科技大學,應用外語系,四技日間部,日間部四技應用外語系一甲,SD275ED347,聯合登記分發,聯登一般生,外語群英語類,406,臺中市私立新民高中,應用英語科
11,國立澎湖科技大學,應用外語系,四技日間部,日間部四技應用外語系一甲,S488848EA4,聯合登記分發,聯登一般生,外語群英語類,710,國立台南高級商業職業學校,資料處理科
12,國立澎湖科技大學,應用外語系,四技日間部,日間部四技應用外語系一甲,S871A85C83,聯合登記分發,聯登一般生,餐旅群,403,台中市國立台中高農,餐飲技術科
13,國立澎湖科技大學,餐旅管理系,四技日間部,日間部四技餐旅管理系一甲,S47CF1E366,特殊選才,特選-扎根計畫,不分類別,880,澎湖縣國立馬公高中,普通科
14,國立澎湖科技大學,餐旅管理系,四技日間部,日間部四技餐旅管理系一甲,SF2A22EF4B,特殊選才,特選-扎根計畫,不分類別,880,澎湖縣國立馬公高中,普通科
15,國立澎湖科技大學,餐旅管理系,四技日間部,日間部四技餐旅管理系一甲,S092CA8C2B,特殊選才,特選-扎根計畫,不分類別,880,澎湖縣國立馬公高中,觀光事業科
16,國立澎湖科技大學,餐旅管理系,四技日間部,日間部四技餐旅管理系一甲,S89CC87510,特殊選才,特選-扎根計畫,不分類別,885,澎湖縣國立澎湖海事高職,餐飲管理科
17,國立澎湖科技大學,餐旅管理系,四技日間部,日間部四技餐旅管理系一甲,S8A1FD6A15,特殊選才,特選-扎根計畫,不分類別,885,澎湖縣國立澎湖海事高職,餐飲管理科
18,國立澎湖科技大學,餐旅管理系,四技日間部,日間部四技餐旅管理系一甲,SEBE768887,繁星推甄,繁星生,餐旅群,900,高雄縣私立中山工商,餐飲技術科
19,國立澎湖科技大學,餐旅管理系,四技日間部,日間部四技餐旅管理系一甲,S47D14F1D1,繁星推甄,繁星生,餐旅群,423,臺中市葳格高級中學,餐飲管理科
20,國立澎湖科技大學,餐旅管理系,四技日間部,日間部四技餐旅管理系一甲,SE290FECB3,繁星推甄,繁星生,餐旅群,437,苗栗縣私立龍德家商,烘焙食品科
21,國立澎湖科技大學,餐旅管理系,四技日間部,日間部四技餐旅管理系一甲,SA9F7D2E99,技優甄審,技優生,餐旅類,242,台北縣私立樹人家商,餐飲管理科
22,國立澎湖科技大學,餐旅管理系,四技日間部,日間部四技餐旅管理系一甲,SBEA36FFDB,技優甄審,技優生,餐旅類,842,高雄縣私立中山工商,餐飲技術科
23,國立澎湖科技大學,餐旅管理系,四技日間部,日間部四技餐旅管理系一甲,S5C1144111,甄選入學,甄選一般生,餐旅群,412,台中縣私立大明高中,餐飲管理科
24,國立澎湖科技大學,餐旅管理系,四技日間部,日間部四技餐旅管理系一甲,SD3524F0CD,甄選入學,甄選一般生,餐旅群,412,台中縣私立僑泰高中,餐飲管理科
25,國立澎湖科技大學,餐旅管理系,四技日間部,日間部四技餐旅管理系一甲,SEB5750A1A,甄選入學,甄選一般生,餐旅群,402,台中縣私立僑泰高中,餐飲管理科
26,國立澎湖科技大學,餐旅管理系,四技日間部,日間部四技餐旅管理系一甲,SF5A26A6DD,甄選入學,甄選一般生,餐旅群,411,台中縣私立大明高中,餐飲管理科
27,國立澎湖科技大學,餐旅管理系,四技日間部,日間部四技餐旅管理系一甲,S44C105586,甄選入學,甄選一般生,餐旅群,880,澎湖縣國立馬公高中,觀光事業科
28,國立澎湖科技大學,餐旅管理系,四技日間部,日間部四技餐旅管理系一甲,S04DD03607,甄選入學,甄選一般生,餐旅群,884,澎湖縣國立馬公高中,觀光事業科
29,國立澎湖科技大學,餐旅管理系,四技日間部,日間部四技餐旅管理系一甲,SFE6B26984,甄選入學,甄選中低/低收入戶生,餐旅群,402,臺中市明德高級中學,餐飲管理科
30,國立澎湖科技大學,餐旅管理系,四技日間部,日間部四技餐旅管理系一甲,S964A735ED,甄選入學,甄選一般生,餐旅群,402,臺中市明德高級中學,餐飲管理科
31,國立澎湖科技大學,餐旅管理系,四技日間部,日間部四技餐旅管理系一甲,S9C8F869CC,甄選入學,甄選離島生,餐旅群,880,澎湖縣國立澎湖海事高職,餐飲管理科
32,國立澎湖科技大學,餐旅管理系,四技日間部,日間部四技餐旅管理系一甲,S1044216B7,甄選入學,甄選離島生,餐旅群,880,澎湖縣國立澎湖海事高職,餐飲管理科
33,國立澎湖科技大學,餐旅管理系,四技日間部,日間部四技餐旅管理系一甲,S66FCBFA64,甄選入學,甄選離島生,餐旅群,885,澎湖縣國立澎湖海事高職,餐飲管理科
34,國立澎湖科技大學,餐旅管理系,四技日間部,日間部四技餐旅管理系一甲,S5C2CF9E8D,甄選入學,甄選離島生,餐旅群,880,澎湖縣國立澎湖海事高職,餐飲管理科
35,國立澎湖科技大學,餐旅管理系,四技日間部,日間部四技餐旅管理系一甲,SEA7838BD0,甄選入學,甄選一般生,餐旅群,326,桃園縣私立育達高中,餐飲管理科
36,國立澎湖科技大學,餐旅管理系,四技日間部,日間部四技餐旅管理系一甲,S9F4CB252E,甄選入學,甄選原住民生,餐旅群,324,桃園縣私立育達高中,餐飲技術科
37,國立澎湖科技大學,餐旅管理系,四技日間部,日間部四技餐旅管理系一甲,SA83D5D29D,甄選入學,甄選一般生,餐旅群,335,桃園縣私立永平工商,餐飲管理科
38,國立澎湖科技大學,餐旅管理系,四技日間部,日間部四技餐旅管理系一甲,S72C960BED,聯合登記分發,聯登一般生,餐旅群,104,台北市市立士林高商,資料處理科
39,國立澎湖科技大學,餐旅管理系,四技日間部,日間部四技餐旅管理系一甲,S4702D6E91,聯合登記分發,聯登一般生,餐旅群,236,新北市立新北高工,應用英語科
40,國立澎湖科技大學,餐旅管理系,四技日間部,日間部四技餐旅管理系一甲,SA5F907A4E,聯合登記分發,聯登一般生,餐旅群,326,桃園縣私立永平工商,餐飲管理科
41,國立澎湖科技大學,餐旅管理系,四技日間部,日間部四技餐旅管理系一甲,SA357C6A4B,聯合登記分發,聯登一般生,餐旅群,330,桃園縣私立永平工商,餐飲管理科
42,國立澎湖科技大學,餐旅管理系,四技日間部,日間部四技餐旅管理系一甲,S20F5E5723,聯合登記分發,聯登一般生,餐旅群,324,桃園縣私立永平工商,餐飲管理科
43,國立澎湖科技大學,餐旅管理系,四技日間部,日間部四技餐旅管理系一甲,S880B0AC4C,聯合登記分發,聯登一般生,餐旅群,326,桃園縣私立育達高中,餐飲管理科
44,國立澎湖科技大學,餐旅管理系,四技日間部,日間部四技餐旅管理系一甲,S737488255,聯合登記分發,聯登一般生,餐旅群,411,台中市國立台中高農,餐飲管理科
45,國立澎湖科技大學,餐旅管理系,四技日間部,日間部四技餐旅管理系一甲,S3D5C0EE5E,聯合登記分發,聯登一般生,餐旅群,411,台中市國立台中高農,觀光事務科
46,國立澎湖科技大學,餐旅管理系,四技日間部,日間部四技餐旅管理系一甲,S45CC92E61,聯合登記分發,聯登一般生,餐旅群,434,臺中市私立嶺東高中,觀光事業科
47,國立澎湖科技大學,餐旅管理系,四技日間部,日間部四技餐旅管理系一甲,SAE48C32B3,聯合登記分發,聯登一般生,餐旅群,407,台中縣私立僑泰高中,餐飲管理科
48,國立澎湖科技大學,餐旅管理系,四技日間部,日間部四技餐旅管理系一甲,S9C07C9BDE,聯合登記分發,聯登一般生,餐旅群,402,台中縣私立僑泰高中,餐飲管理科
49,國立澎湖科技大學,餐旅管理系,四技日間部,日間部四技餐旅管理系一甲,S8FCD7B3B6,聯合登記分發,聯登一般生,餐旅群,508,彰化縣私立達德商工,餐飲管理科
50,國立澎湖科技大學,餐旅管理系,四技日間部,日間部四技餐旅管理系一甲,S7B0BD88EE,聯合登記分發,聯登一般生,餐旅群,704,臺南市私立長榮高中,觀光事業科
51,國立澎湖科技大學,餐旅管理系,四技日間部,日間部四技餐旅管理系一甲,S911DE7E1D,聯合登記分發,聯登一般生,餐旅群,735,臺南市國立曾文家商,餐飲管理科
52,國立澎湖科技大學,餐旅管理系,四技日間部,日間部四技餐旅管理系一甲,SCA74D052D,聯合登記分發,聯登一般生,餐旅群,710,台南市國立台南家齊高級中等學校,餐飲管理科
53,國立澎湖科技大學,餐旅管理系,四技日間部,日間部四技餐旅管理系一甲,SBC0DE63A2,聯合登記分發,聯登一般生,餐旅群,807,高雄市市立三民家商,餐飲管理科
54,國立澎湖科技大學,資訊工程系,四技日間部,日間部四技資訊工程系一甲,SAA6BA0EB8,高中生申請入學,一般生,,220,台北市市立大理高中,普通科
55,國立澎湖科技大學,資訊工程系,四技日間部,日間部四技資訊工程系一甲,S0FA1939C3,高中生申請入學,一般生,,828,高雄市國立岡山高中,普通科
56,國立澎湖科技大學,資訊工程系,四技日間部,日間部四技資訊工程系一甲,SD7EA7BB87,繁星推甄,繁星生,電機與電子群,831,高雄縣私立中山工商,資訊科
57,國立澎湖科技大學,資訊工程系,四技日間部,日間部四技資訊工程系一甲,S098C262C6,技優甄審,技優生,電子類,436,台中縣私立明道高中,電子科
58,國立澎湖科技大學,資訊工程系,四技日間部,日間部四技資訊工程系一甲,S42118F285,技優甄審,技優生,電子類,220,台北市市立內湖高工,資訊科
59,國立澎湖科技大學,資訊工程系,四技日間部,日間部四技資訊工程系一甲,S45E15727B,技優甄審,技優生,電子類,220,台北縣鶯歌工商,資訊科
60,國立澎湖科技大學,資訊工程系,四技日間部,日間部四技資訊工程系一甲,S88ECCCE93,甄選入學,甄選一般生,電機與電子群資電類,358,台中縣私立致用高中,資訊科
61,國立澎湖科技大學,資訊工程系,四技日間部,日間部四技資訊工程系一甲,S42A371489,甄選入學,甄選一般生,電機與電子群資電類,326,桃園縣私立治平高中,資訊科
62,國立澎湖科技大學,資訊工程系,四技日間部,日間部四技資訊工程系一甲,S5A370993A,甄選入學,甄選一般生,電機與電子群資電類,330,桃園縣私立大興高級中學,資訊科
63,國立澎湖科技大學,資訊工程系,四技日間部,日間部四技資訊工程系一甲,SAAB07D1D4,甄選入學,甄選一般生,電機與電子群資電類,438,台中縣私立致用高中,資訊科
64,國立澎湖科技大學,資訊工程系,四技日間部,日間部四技資訊工程系一甲,S5DACD16E7,甄選入學,甄選一般生,電機與電子群資電類,435,臺中市私立嶺東高中,資訊科
65,國立澎湖科技大學,資訊工程系,四技日間部,日間部四技資訊工程系一甲,SBF1681E44,甄選入學,甄選一般生,電機與電子群資電類,320,桃園縣私立新興高中,資訊科
66,國立澎湖科技大學,資訊工程系,四技日間部,日間部四技資訊工程系一甲,S01A841CFB,甄選入學,甄選一般生,電機與電子群資電類,320,桃園縣私立新興高中,資訊科
67,國立澎湖科技大學,資訊工程系,四技日間部,日間部四技資訊工程系一甲,SF20BA8B2A,甄選入學,甄選一般生,電機與電子群資電類,116,台北市市立松山工農,電機科
68,國立澎湖科技大學,資訊工程系,四技日間部,日間部四技資訊工程系一甲,S3C405CCF2,甄選入學,甄選一般生,電機與電子群資電類,302,新竹縣私立義民高中,資訊科
69,國立澎湖科技大學,資訊工程系,四技日間部,日間部四技資訊工程系一甲,SD3E3B1A65,甄選入學,甄選一般生,電機與電子群資電類,407,臺中市私立嶺東高中,電子科
70,國立澎湖科技大學,資訊工程系,四技日間部,日間部四技資訊工程系一甲,S5A5CA3ED0,甄選入學,甄選一般生,電機與電子群資電類,227,新北市立樟樹國際實創高級中學,資訊科
71,國立澎湖科技大學,資訊工程系,四技日間部,日間部四技資訊工程系一甲,S308FEFE78,甄選入學,甄選一般生,電機與電子群資電類,238,基隆市國立基隆海事,資訊科
72,國立澎湖科技大學,資訊工程系,四技日間部,日間部四技資訊工程系一甲,S2AE3A0866,甄選入學,甄選一般生,電機與電子群資電類,812,高雄市市立高雄高工,電子科
73,國立澎湖科技大學,資訊工程系,四技日間部,日間部四技資訊工程系一甲,S208D5CC0E,甄選入學,甄選一般生,電機與電子群資電類,303,新竹縣私立內思高工,資訊科
74,國立澎湖科技大學,資訊工程系,四技日間部,日間部四技資訊工程系一甲,S4F805C739,甄選入學,甄選一般生,電機與電子群資電類,305,新竹縣私立內思高工,資訊科
75,國立澎湖科技大學,資訊工程系,四技日間部,日間部四技資訊工程系一甲,SA65128B63,甄選入學,甄選一般生,電機與電子群資電類,813,高雄市市立海青工商,資訊科
76,國立澎湖科技大學,資訊工程系,四技日間部,日間部四技資訊工程系一甲,S223EE581F,甄選入學,甄選一般生,電機與電子群資電類,326,桃園縣國立楊梅高中,資訊科
77,國立澎湖科技大學,資訊工程系,四技日間部,日間部四技資訊工程系一甲,S1E43C6F44,甄選入學,甄選一般生,電機與電子群資電類,305,新竹縣私立內思高工,資訊科
78,國立澎湖科技大學,資訊工程系,四技日間部,日間部四技資訊工程系一甲,S9EEAA347E,聯合登記分發,聯登一般生,動力機械群,320,桃園縣國立桃園農工,動力機械科
79,國立澎湖科技大學,資訊工程系,四技日間部,日間部四技資訊工程系一甲,S637188557,聯合登記分發,聯登一般生,動力機械群,826,高雄縣國立岡山農工,汽車科
80,國立澎湖科技大學,資訊工程系,四技日間部,日間部四技資訊工程系一甲,SFCDC58242,聯合登記分發,聯登一般生,電機與電子群資電類,251,台北市市立松山工農,資訊科
81,國立澎湖科技大學,資訊工程系,四技日間部,日間部四技資訊工程系一甲,SD766BD022,聯合登記分發,聯登一般生,電機與電子群資電類,108,台北市市立松山工農,綜合高中部
82,國立澎湖科技大學,資訊工程系,四技日間部,日間部四技資訊工程系一甲,S3D0874375,聯合登記分發,聯登一般生,電機與電子群資電類,239,台北縣鶯歌工商,資訊科
83,國立澎湖科技大學,資訊工程系,四技日間部,日間部四技資訊工程系一甲,SBDA31417F,聯合登記分發,聯登一般生,電機與電子群資電類,251,台北縣國立淡水商工,電子科
84,國立澎湖科技大學,資訊工程系,四技日間部,日間部四技資訊工程系一甲,SB5241A8EB,聯合登記分發,聯登一般生,電機與電子群資電類,251,台北縣國立淡水商工,電子科
85,國立澎湖科技大學,資訊工程系,四技日間部,日間部四技資訊工程系一甲,SB337EE824,聯合登記分發,聯登一般生,電機與電子群資電類,330,桃園縣私立新興高中,資訊科
86,國立澎湖科技大學,資訊工程系,四技日間部,日間部四技資訊工程系一甲,S5D4197158,聯合登記分發,聯登一般生,電機與電子群資電類,320,桃園縣國立桃園農工,電子科
87,國立澎湖科技大學,資訊工程系,四技日間部,日間部四技資訊工程系一甲,S18BA644F3,聯合登記分發,聯登一般生,電機與電子群資電類,335,桃園縣私立育達高中,資訊科
88,國立澎湖科技大學,資訊工程系,四技日間部,日間部四技資訊工程系一甲,S6B738A3EF,聯合登記分發,聯登一般生,電機與電子群資電類,324,桃園縣私立治平高中,電子科
89,國立澎湖科技大學,資訊工程系,四技日間部,日間部四技資訊工程系一甲,S628E94E53,聯合登記分發,聯登一般生,電機與電子群資電類,300,新竹市私立磐石高中,電機科
90,國立澎湖科技大學,資訊工程系,四技日間部,日間部四技資訊工程系一甲,S1A4F339F1,聯合登記分發,聯登一般生,電機與電子群資電類,303,新竹縣私立內思高工,資訊科
91,國立澎湖科技大學,資訊工程系,四技日間部,日間部四技資訊工程系一甲,S6ABE9525D,聯合登記分發,聯登一般生,電機與電子群資電類,310,新竹縣私立內思高工,資訊科
92,國立澎湖科技大學,資訊工程系,四技日間部,日間部四技資訊工程系一甲,S975D5C8A0,聯合登記分發,聯登一般生,電機與電子群資電類,413,台中縣國立霧峰農工,電子科
93,國立澎湖科技大學,資訊工程系,四技日間部,日間部四技資訊工程系一甲,S3593467D2,聯合登記分發,聯登一般生,電機與電子群資電類,433,台中縣國立沙鹿高工,資訊科
94,國立澎湖科技大學,資訊工程系,四技日間部,日間部四技資訊工程系一甲,S5D76B378E,聯合登記分發,聯登一般生,電機與電子群資電類,510,彰化縣國立二林工商,電子科
95,國立澎湖科技大學,資訊工程系,四技日間部,日間部四技資訊工程系一甲,S2ABDC9C02,聯合登記分發,聯登一般生,電機與電子群資電類,511,彰化縣國立員林崇實高級工業職業學校,資訊科
96,國立澎湖科技大學,資訊工程系,四技日間部,日間部四技資訊工程系一甲,S89476A3E4,聯合登記分發,聯登一般生,電機與電子群資電類,709,臺南市國立北門農工,電子科
97,國立澎湖科技大學,資訊工程系,四技日間部,日間部四技資訊工程系一甲,S3DA0FF5AE,聯合登記分發,聯登一般生,電機與電子群資電類,820,高雄市市立高雄高工,資訊科
98,國立澎湖科技大學,資訊工程系,四技日間部,日間部四技資訊工程系一甲,SD513B7653,聯合登記分發,聯登一般生,電機與電子群資電類,807,高雄市市立高雄高工,電子科
99,國立澎湖科技大學,資訊工程系,四技日間部,日間部四技資訊工程系一甲,S8F5AFC494,聯合登記分發,聯登一般生,電機與電子群資電類,831,高雄縣私立中山工商,資訊科
100,國立澎湖科技大學,水產養殖系,四技日間部,日間部四技水產養殖系一甲,SA6BCD2FD4,運動績優單招,一般生,,640,雲林縣私立大成商工,水電技術科
101,國立澎湖科技大學,水產養殖系,四技日間部,日間部四技水產養殖系一甲,S7376C0208,甄選入學,甄選一般生,水產群,709,臺南市國立臺南海事,水產養殖科
102,國立澎湖科技大學,水產養殖系,四技日間部,日間部四技水產養殖系一甲,S6A2F80C3D,甄選入學,甄選一般生,水產群,852,臺南市國立臺南海事,水產養殖科
103,國立澎湖科技大學,水產養殖系,四技日間部,日間部四技水產養殖系一甲,S262A36E92,甄選入學,甄選一般生,水產群,507,彰化縣國立鹿港高中,水產養殖科
104,國立澎湖科技大學,水產養殖系,四技日間部,日間部四技水產養殖系一甲,S30660A53D,甄選入學,甄選一般生,水產群,653,雲林縣國立北港農工,電機科
105,國立澎湖科技大學,水產養殖系,四技日間部,日間部四技水產養殖系一甲,S4E8E2FFB5,甄選入學,甄選一般生,農業群,239,台北市私立開平餐飲職業學校,餐飲管理科
106,國立澎湖科技大學,水產養殖系,四技日間部,日間部四技水產養殖系一甲,S00550631A,甄選入學,甄選一般生,農業群,235,台北縣國立淡水商工,園藝科
107,國立澎湖科技大學,水產養殖系,四技日間部,日間部四技水產養殖系一甲,SD0D41B088,甄選入學,甄選一般生,農業群,115,台北市市立松山工農,園藝科
108,國立澎湖科技大學,水產養殖系,四技日間部,日間部四技水產養殖系一甲,S4E04113E4,甄選入學,甄選一般生,農業群,304,苗栗縣國立大湖農工,園藝科
109,國立澎湖科技大學,水產養殖系,四技日間部,日間部四技水產養殖系一甲,S51D9D9F29,甄選入學,甄選一般生,農業群,524,彰化縣國立員林農工,園藝科
110,國立澎湖科技大學,水產養殖系,四技日間部,日間部四技水產養殖系一甲,SCD8915C09,甄選入學,甄選一般生,農業群,508,彰化縣國立員林農工,休閒農業科
111,國立澎湖科技大學,水產養殖系,四技日間部,日間部四技水產養殖系一甲,S17D0C91BD,甄選入學,甄選一般生,農業群,237,台北縣鶯歌工商,陶瓷工程科
112,國立澎湖科技大學,水產養殖系,四技日間部,日間部四技水產養殖系一甲,S552AAA835,甄選入學,甄選一般生,農業群,646,雲林縣國立虎尾農工,畜產保健科
113,國立澎湖科技大學,水產養殖系,四技日間部,日間部四技水產養殖系一甲,S6DE8DF2D8,聯合登記分發,聯登一般生,農業群,338,桃園縣國立桃園農工,電機科
114,國立澎湖科技大學,水產養殖系,四技日間部,日間部四技水產養殖系一甲,S2AC67D001,聯合登記分發,聯登一般生,農業群,428,台中市國立台中高農,森林科
115,國立澎湖科技大學,水產養殖系,四技日間部,日間部四技水產養殖系一甲,S2B3505A1E,聯合登記分發,聯登一般生,水產群,328,桃園縣國立龍潭高級中學,造園科
116,國立澎湖科技大學,水產養殖系,四技日間部,日間部四技水產養殖系一甲,SC21130999,聯合登記分發,聯登一般生,水產群,508,彰化縣國立鹿港高中,水產養殖科
117,國立澎湖科技大學,水產養殖系,四技日間部,日間部四技水產養殖系一甲,SC310744A4,聯合登記分發,聯登一般生,水產群,807,南投縣私立普台高級中學,普通科
118,國立澎湖科技大學,水產養殖系,四技日間部,日間部四技水產養殖系一甲,S06BCF15A0,聯合登記分發,聯登一般生,水產群,812,高雄市市立中正高工,機械科
119,國立澎湖科技大學,水產養殖系,四技日間部,日間部四技水產養殖系一甲,S7A1AE2C5F,聯合登記分發,聯登一般生,水產群,880,澎湖縣國立澎湖海事高職,水產養殖科
120,國立澎湖科技大學,航運管理系,四技日間部,日間部四技航運管理系一甲,S8574DFEE0,身心障礙甄試,一般生,,334,桃園縣私立新興高中,商業經營科
121,國立澎湖科技大學,航運管理系,四技日間部,日間部四技航運管理系一甲,S49B4A6EA5,繁星推甄,繁星生,商管群,114,台北市市立松山家商,商業經營科
122,國立澎湖科技大學,航運管理系,四技日間部,日間部四技航運管理系一甲,SF10EEC153,甄選入學,甄選一般生,商管群,326,桃園縣私立治平高中,資料處理科
123,國立澎湖科技大學,航運管理系,四技日間部,日間部四技航運管理系一甲,S2A7FC77F0,甄選入學,甄選一般生,商管群,326,桃園縣私立治平高中,資料處理科
124,國立澎湖科技大學,航運管理系,四技日間部,日間部四技航運管理系一甲,S56DE9A5DE,甄選入學,甄選一般生,商管群,330,桃園縣私立新興高中,資料處理科
125,國立澎湖科技大學,航運管理系,四技日間部,日間部四技航運管理系一甲,SF79D5CCAC,甄選入學,甄選一般生,商管群,712,臺南市國立新化高工,資料處理科
126,國立澎湖科技大學,航運管理系,四技日間部,日間部四技航運管理系一甲,S9A3D9F536,甄選入學,甄選一般生,商管群,338,桃園縣私立新興高中,國際貿易科
127,國立澎湖科技大學,航運管理系,四技日間部,日間部四技航運管理系一甲,SF94639A12,甄選入學,甄選一般生,商管群,831,高雄市立楠梓高中,綜合高中部
128,國立澎湖科技大學,航運管理系,四技日間部,日間部四技航運管理系一甲,SE287FD325,甄選入學,甄選一般生,商管群,520,彰化縣國立員林家商,國際貿易科
129,國立澎湖科技大學,航運管理系,四技日間部,日間部四技航運管理系一甲,S8232C0E07,甄選入學,甄選一般生,商管群,427,南投縣國立暨南國際大學附屬高級中學,商業經營科
130,國立澎湖科技大學,航運管理系,四技日間部,日間部四技航運管理系一甲,S9ADF6935C,甄選入學,甄選一般生,商管群,327,桃園縣私立治平高中,應用英語科
131,國立澎湖科技大學,航運管理系,四技日間部,日間部四技航運管理系一甲,SBA0E94027,甄選入學,甄選一般生,商管群,300,新北市立光復高級中學,資料處理科
132,國立澎湖科技大學,航運管理系,四技日間部,日間部四技航運管理系一甲,SBD5895727,甄選入學,甄選一般生,商管群,427,臺中市私立新民高中,國際貿易科
133,國立澎湖科技大學,航運管理系,四技日間部,日間部四技航運管理系一甲,S56F1DB256,甄選入學,甄選一般生,商管群,338,桃園縣私立新興高中,國際貿易科
134,國立澎湖科技大學,航運管理系,四技日間部,日間部四技航運管理系一甲,S25E9D5CE3,甄選入學,甄選一般生,商管群,961,台東縣國立台東高商,商業經營科
135,國立澎湖科技大學,航運管理系,四技日間部,日間部四技航運管理系一甲,SC590A373C,甄選入學,甄選一般生,商管群,265,宜蘭縣國立羅東高商,國際貿易科
136,國立澎湖科技大學,航運管理系,四技日間部,日間部四技航運管理系一甲,SCACF06760,甄選入學,甄選一般生,商管群,236,台北縣鶯歌工商,資料處理科
137,國立澎湖科技大學,航運管理系,四技日間部,日間部四技航運管理系一甲,S3D7EBE083,甄選入學,甄選一般生,商管群,542,南投縣國立南投高商,資料處理科
138,國立澎湖科技大學,航運管理系,四技日間部,日間部四技航運管理系一甲,SB0F455BFA,甄選入學,甄選一般生,商管群,542,南投縣國立南投高商,國際貿易科
139,國立澎湖科技大學,航運管理系,四技日間部,日間部四技航運管理系一甲,SE4F1D08E8,甄選入學,甄選一般生,商管群,717,臺南市國立新豐高中,綜合高中部
140,國立澎湖科技大學,航運管理系,四技日間部,日間部四技航運管理系一甲,S5A6DD9324,甄選入學,甄選一般生,外語群英語類,632,臺中市私立嶺東高中,應用英語科
141,國立澎湖科技大學,航運管理系,四技日間部,日間部四技航運管理系一甲,S72A2CE624,甄選入學,甄選一般生,外語群英語類,435,臺中市私立嶺東高中,應用英語科
142,國立澎湖科技大學,航運管理系,四技日間部,日間部四技航運管理系一甲,S0D16BFE7B,甄選入學,甄選一般生,外語群英語類,647,雲林縣國立斗六家商,應用英語科
143,國立澎湖科技大學,航運管理系,四技日間部,日間部四技航運管理系一甲,SC5821631E,甄選入學,甄選一般生,外語群英語類,640,雲林縣國立斗六家商,應用英語科
144,國立澎湖科技大學,航運管理系,四技日間部,日間部四技航運管理系一甲,SEB6A1E6E2,甄選入學,甄選一般生,外語群英語類,647,雲林縣國立斗六家商,應用英語科
145,國立澎湖科技大學,航運管理系,四技日間部,日間部四技航運管理系一甲,S74EBAEB7C,聯合登記分發,聯登一般生,商管群,234,台北市市立士林高商,資料處理科
146,國立澎湖科技大學,航運管理系,四技日間部,日間部四技航運管理系一甲,S06A55A47A,聯合登記分發,聯登一般生,商管群,238,台北縣鶯歌工商,資料處理科
147,國立澎湖科技大學,航運管理系,四技日間部,日間部四技航運管理系一甲,S9E28DCF6A,聯合登記分發,聯登一般生,商管群,334,桃園縣國立中壢高商,資料處理科
148,國立澎湖科技大學,航運管理系,四技日間部,日間部四技航運管理系一甲,SDE5504EFE,聯合登記分發,聯登一般生,商管群,300,新竹市私立磐石高中,資料處理科
149,國立澎湖科技大學,航運管理系,四技日間部,日間部四技航運管理系一甲,S751940423,聯合登記分發,聯登一般生,商管群,428,臺中市私立新民高中,國際貿易科
150,國立澎湖科技大學,航運管理系,四技日間部,日間部四技航運管理系一甲,SDFBD1DDED,聯合登記分發,聯登一般生,商管群,711,臺南市國立新豐高中,綜合高中部
151,國立澎湖科技大學,航運管理系,四技日間部,日間部四技航運管理系一甲,S1B4F7DBCE,聯合登記分發,聯登一般生,商管群,722,臺南市國立北門農工,電子商務(處理)科
152,國立澎湖科技大學,航運管理系,四技日間部,日間部四技航運管理系一甲,SF582F7F5C,聯合登記分發,聯登一般生,商管群,730,臺南市國立新營高中,電子商務(處理)科
153,國立澎湖科技大學,航運管理系,四技日間部,日間部四技航運管理系一甲,SB1D113FE7,聯合登記分發,聯登一般生,商管群,429,高雄縣私立高苑工商,綜合高中部
154,國立澎湖科技大學,航運管理系,四技日間部,日間部四技航運管理系一甲,S0FC6F11C1,聯合登記分發,聯登一般生,外語群英語類,221,台北縣國立瑞芳高工,應用英語科
155,國立澎湖科技大學,航運管理系,四技日間部,日間部四技航運管理系一甲,SA507231D9,聯合登記分發,聯登一般生,外語群英語類,408,臺中市私立嶺東高中,應用英語科
156,國立澎湖科技大學,航運管理系,四技日間部,日間部四技航運管理系一甲,SBF0846AD5,聯合登記分發,聯登一般生,外語群英語類,428,臺中市私立新民高中,應用英語科
157,國立澎湖科技大學,航運管理系,四技日間部,日間部四技航運管理系一甲,S071F84921,聯合登記分發,聯登一般生,外語群英語類,643,雲林縣國立西螺農工,應用英語科
158,國立澎湖科技大學,資訊管理系,四技日間部,日間部四技資訊管理系一甲,S925FBD8E2,身心障礙單招,一般生,,830,高雄市市立中正高工,電機科
159,國立澎湖科技大學,資訊管理系,四技日間部,日間部四技資訊管理系一甲,S9D007F1CE,繁星推甄,繁星生,商管群,231,台北市幼華高級中學,資料處理科
160,國立澎湖科技大學,資訊管理系,四技日間部,日間部四技資訊管理系一甲,S23F51B854,繁星推甄,繁星生,商管群,811,高雄市立楠梓高中,綜合高中部
161,國立澎湖科技大學,資訊管理系,四技日間部,日間部四技資訊管理系一甲,SD40D2EF4C,技優甄審,技優生,電子類,221,新北市立樟樹國際實創高級中學,資訊科
162,國立澎湖科技大學,資訊管理系,四技日間部,日間部四技資訊管理系一甲,S2F91E69A4,甄選入學,甄選一般生,電機與電子群資電類,932,臺南市國立北門農工,電子科
163,國立澎湖科技大學,資訊管理系,四技日間部,日間部四技資訊管理系一甲,SC68B92896,甄選入學,甄選一般生,商管群,350,苗栗縣國立苗栗高商,國際貿易科
164,國立澎湖科技大學,資訊管理系,四技日間部,日間部四技資訊管理系一甲,S4D1F30981,甄選入學,甄選一般生,商管群,721,臺南市國立曾文家商,資料處理科
165,國立澎湖科技大學,資訊管理系,四技日間部,日間部四技資訊管理系一甲,S3E5489F7A,甄選入學,甄選一般生,商管群,880,澎湖縣國立馬公高中,資料處理科
166,國立澎湖科技大學,資訊管理系,四技日間部,日間部四技資訊管理系一甲,SE1C37C3E6,聯合登記分發,聯登一般生,電機與電子群資電類,251,台北縣國立淡水商工,電子科
167,國立澎湖科技大學,資訊管理系,四技日間部,日間部四技資訊管理系一甲,SD467C6C24,聯合登記分發,聯登一般生,電機與電子群資電類,236,新北市立新北高工,資訊科
168,國立澎湖科技大學,資訊管理系,四技日間部,日間部四技資訊管理系一甲,S33958D59F,聯合登記分發,聯登一般生,電機與電子群資電類,326,桃園縣私立治平高中,資訊科
169,國立澎湖科技大學,資訊管理系,四技日間部,日間部四技資訊管理系一甲,SCE3EA8278,聯合登記分發,聯登一般生,電機與電子群資電類,327,桃園縣國立楊梅高中,資訊科
170,國立澎湖科技大學,資訊管理系,四技日間部,日間部四技資訊管理系一甲,S60A92EDAA,聯合登記分發,聯登一般生,電機與電子群資電類,326,桃園縣私立六和高中,資訊科
171,國立澎湖科技大學,資訊管理系,四技日間部,日間部四技資訊管理系一甲,S7ECD88BE7,聯合登記分發,聯登一般生,電機與電子群資電類,310,新竹縣私立內思高工,資訊科
172,國立澎湖科技大學,資訊管理系,四技日間部,日間部四技資訊管理系一甲,S3FAD8160F,聯合登記分發,聯登一般生,電機與電子群資電類,407,台中縣國立沙鹿高工,資訊科
173,國立澎湖科技大學,資訊管理系,四技日間部,日間部四技資訊管理系一甲,SEF3F77E53,聯合登記分發,聯登一般生,電機與電子群資電類,807,高雄市市立中正高工,電子科
174,國立澎湖科技大學,資訊管理系,四技日間部,日間部四技資訊管理系一甲,S004B8BDC6,聯合登記分發,聯登一般生,電機與電子群資電類,880,澎湖縣國立澎湖海事高職,電子科
175,國立澎湖科技大學,資訊管理系,四技日間部,日間部四技資訊管理系一甲,S06E63991C,聯合登記分發,聯登一般生,商管群,116,台北市市立松山家商,商業經營科
176,國立澎湖科技大學,資訊管理系,四技日間部,日間部四技資訊管理系一甲,SEBCE9390B,聯合登記分發,聯登一般生,商管群,241,台北縣國立三重商工,資料處理科
177,國立澎湖科技大學,資訊管理系,四技日間部,日間部四技資訊管理系一甲,S49CA158E4,聯合登記分發,聯登一般生,商管群,320,桃園縣國立中壢高商,資料處理科
178,國立澎湖科技大學,資訊管理系,四技日間部,日間部四技資訊管理系一甲,S75E1F6912,聯合登記分發,聯登一般生,商管群,320,桃園縣國立中壢高商,國際貿易科
179,國立澎湖科技大學,資訊管理系,四技日間部,日間部四技資訊管理系一甲,SA1D1DF9C3,聯合登記分發,聯登一般生,商管群,640,雲林縣國立北港高中,資訊科
180,國立澎湖科技大學,資訊管理系,四技日間部,日間部四技資訊管理系一甲,S13ECB7A35,聯合登記分發,聯登一般生,商管群,651,雲林縣國立北港高中,資料處理科
181,國立澎湖科技大學,資訊管理系,四技日間部,日間部四技資訊管理系一甲,SC7BBB0969,聯合登記分發,聯登一般生,商管群,813,高雄市市立三民家商,資料處理科
182,國立澎湖科技大學,觀光休閒系,四技日間部,日間部四技觀光休閒系一甲,S94819A5DE,海外聯招,僑生,,,,
183,國立澎湖科技大學,觀光休閒系,四技日間部,日間部四技觀光休閒系一甲,S4D2D7DAF2,技優甄審,技優生,餐旅類,811,高雄市立楠梓高中,綜合高中部
184,國立澎湖科技大學,觀光休閒系,四技日間部,日間部四技觀光休閒系一甲,S67BC1C611,甄選入學,甄選一般生,商管群,515,彰化縣國立員林家商,國際貿易科
185,國立澎湖科技大學,觀光休閒系,四技日間部,日間部四技觀光休閒系一甲,S158C7AB01,甄選入學,甄選一般生,商管群,300,新竹市私立磐石高中,資料處理科
186,國立澎湖科技大學,觀光休閒系,四技日間部,日間部四技觀光休閒系一甲,S80E297CD7,甄選入學,甄選一般生,商管群,330,桃園縣私立新興高中,國際貿易科
187,國立澎湖科技大學,觀光休閒系,四技日間部,日間部四技觀光休閒系一甲,SBC9A0645E,甄選入學,甄選一般生,商管群,811,高雄市市立三民家商,資料處理科
188,國立澎湖科技大學,觀光休閒系,四技日間部,日間部四技觀光休閒系一甲,SCB5D924B1,甄選入學,甄選一般生,商管群,310,新竹市私立光復高中,資料處理科
189,國立澎湖科技大學,觀光休閒系,四技日間部,日間部四技觀光休閒系一甲,SD99FDCE28,甄選入學,甄選一般生,商管群,633,雲林縣國立土庫商工,商業經營科
190,國立澎湖科技大學,觀光休閒系,四技日間部,日間部四技觀光休閒系一甲,S3D778E9C5,甄選入學,甄選一般生,餐旅群,412,台中縣私立僑泰高中,餐飲管理科
191,國立澎湖科技大學,觀光休閒系,四技日間部,日間部四技觀光休閒系一甲,SE5D573A3B,甄選入學,甄選一般生,餐旅群,412,台中縣私立僑泰高中,餐飲管理科
192,國立澎湖科技大學,觀光休閒系,四技日間部,日間部四技觀光休閒系一甲,SEF7B5A82E,甄選入學,甄選一般生,餐旅群,402,台中縣私立僑泰高中,餐飲管理科
193,國立澎湖科技大學,觀光休閒系,四技日間部,日間部四技觀光休閒系一甲,SB41343E7A,甄選入學,甄選一般生,餐旅群,701,臺南市光華高級中學,餐飲管理科
194,國立澎湖科技大學,觀光休閒系,四技日間部,日間部四技觀光休閒系一甲,SBEEFC473E,甄選入學,甄選一般生,餐旅群,411,台中縣私立僑泰高中,餐飲管理科
195,國立澎湖科技大學,觀光休閒系,四技日間部,日間部四技觀光休閒系一甲,SACC9F6A99,甄選入學,甄選一般生,餐旅群,406,臺中市私立新民高中,觀光事業科
196,國立澎湖科技大學,觀光休閒系,四技日間部,日間部四技觀光休閒系一甲,SF0D274C7D,甄選入學,甄選一般生,餐旅群,881,澎湖縣國立馬公高中,觀光事業科
197,國立澎湖科技大學,觀光休閒系,四技日間部,日間部四技觀光休閒系一甲,SAC219DD60,甄選入學,甄選離島生,餐旅群,880,澎湖縣國立馬公高中,觀光事業科
198,國立澎湖科技大學,觀光休閒系,四技日間部,日間部四技觀光休閒系一甲,S3F742F440,甄選入學,甄選一般生,餐旅群,408,台中縣私立明道高中,觀光事業科
199,國立澎湖科技大學,觀光休閒系,四技日間部,日間部四技觀光休閒系一甲,SDB96A60C8,聯合登記分發,聯登一般生,商管群,406,台中縣國立豐原高商,商業經營科
200,國立澎湖科技大學,觀光休閒系,四技日間部,日間部四技觀光休閒系一甲,SD587AD7B7,聯合登記分發,聯登一般生,餐旅群,234,台北縣私立智光商工,餐飲管理科
201,國立澎湖科技大學,觀光休閒系,四技日間部,日間部四技觀光休閒系一甲,S8AADC4ADA,聯合登記分發,聯登一般生,餐旅群,236,台北縣私立樹人家商,餐飲管理科
202,國立澎湖科技大學,觀光休閒系,四技日間部,日間部四技觀光休閒系一甲,SED373DB96,聯合登記分發,聯登一般生,餐旅群,320,桃園市立羅浮高級中學,觀光事業科
203,國立澎湖科技大學,觀光休閒系,四技日間部,日間部四技觀光休閒系一甲,S5B597E211,聯合登記分發,聯登一般生,餐旅群,320,桃園縣私立新興高中,觀光事業科
204,國立澎湖科技大學,觀光休閒系,四技日間部,日間部四技觀光休閒系一甲,SAAE61A3DD,聯合登記分發,聯登一般生,餐旅群,338,桃園縣私立新興高中,觀光事業科
205,國立澎湖科技大學,觀光休閒系,四技日間部,日間部四技觀光休閒系一甲,SF11B783A7,聯合登記分發,聯登一般生,餐旅群,333,桃園縣私立振聲高中,觀光事業科
206,國立澎湖科技大學,觀光休閒系,四技日間部,日間部四技觀光休閒系一甲,S7C1F70DEC,聯合登記分發,聯登一般生,餐旅群,326,桃園縣私立永平工商,餐飲管理科
207,國立澎湖科技大學,觀光休閒系,四技日間部,日間部四技觀光休閒系一甲,S5F1431EFB,聯合登記分發,聯登一般生,餐旅群,326,桃園縣私立永平工商,餐飲管理科
208,國立澎湖科技大學,觀光休閒系,四技日間部,日間部四技觀光休閒系一甲,SBD29FC2AB,聯合登記分發,聯登一般生,餐旅群,337,桃園縣私立永平工商,餐飲管理科
209,國立澎湖科技大學,觀光休閒系,四技日間部,日間部四技觀光休閒系一甲,S3C43D91D7,聯合登記分發,聯登一般生,餐旅群,305,新竹縣私立忠信高中,綜合高中部
210,國立澎湖科技大學,觀光休閒系,四技日間部,日間部四技觀光休閒系一甲,S53C8AEFF9,聯合登記分發,聯登一般生,餐旅群,426,台中市國立台中高農,觀光事業科
211,國立澎湖科技大學,觀光休閒系,四技日間部,日間部四技觀光休閒系一乙,SA4A9B255B,繁星推甄,繁星生,餐旅群,412,台中縣私立大明高中,餐飲管理科
212,國立澎湖科技大學,觀光休閒系,四技日間部,日間部四技觀光休閒系一乙,S3A5AF3AE3,技優甄審,技優生,商業類,524,彰化縣私立文興高中,綜合高中部
213,國立澎湖科技大學,觀光休閒系,四技日間部,日間部四技觀光休閒系一乙,S863A850D6,技優甄審,技優生,餐旅類,237,台北縣私立南強工商,觀光事業科
214,國立澎湖科技大學,觀光休閒系,四技日間部,日間部四技觀光休閒系一乙,SAFBC41ACD,甄選入學,甄選離島生,餐旅群,884,澎湖縣國立馬公高中,觀光事業科
215,國立澎湖科技大學,觀光休閒系,四技日間部,日間部四技觀光休閒系一乙,S1755FF2B0,甄選入學,甄選離島生,餐旅群,880,澎湖縣國立馬公高中,觀光事業科
216,國立澎湖科技大學,觀光休閒系,四技日間部,日間部四技觀光休閒系一乙,SCB3F349B9,甄選入學,甄選一般生,餐旅群,885,澎湖縣國立馬公高中,觀光事業科
217,國立澎湖科技大學,觀光休閒系,四技日間部,日間部四技觀光休閒系一乙,S11C2D10E5,甄選入學,甄選一般生,餐旅群,306,新竹縣國立關西高中,綜合高中部
218,國立澎湖科技大學,觀光休閒系,四技日間部,日間部四技觀光休閒系一乙,SE792F446C,甄選入學,甄選一般生,餐旅群,220,台北縣國立淡水商工,餐飲管理科
219,國立澎湖科技大學,觀光休閒系,四技日間部,日間部四技觀光休閒系一乙,SAB84AD13E,甄選入學,甄選一般生,餐旅群,406,台中縣私立明道高中,餐飲管理科
220,國立澎湖科技大學,觀光休閒系,四技日間部,日間部四技觀光休閒系一乙,SBAC0721FB,甄選入學,甄選一般生,餐旅群,408,台中縣私立明道高中,觀光事業科
221,國立澎湖科技大學,觀光休閒系,四技日間部,日間部四技觀光休閒系一乙,SB807B7652,甄選入學,甄選一般生,餐旅群,412,臺中市明德高級中學,餐飲管理科
222,國立澎湖科技大學,觀光休閒系,四技日間部,日間部四技觀光休閒系一乙,S1F2EAC4A1,甄選入學,甄選一般生,餐旅群,421,台中縣私立明道高中,觀光事業科
223,國立澎湖科技大學,觀光休閒系,四技日間部,日間部四技觀光休閒系一乙,S4E7280A0C,甄選入學,甄選一般生,餐旅群,320,桃園縣私立育達高中,觀光事業科
224,國立澎湖科技大學,觀光休閒系,四技日間部,日間部四技觀光休閒系一乙,S3293CDD97,甄選入學,甄選一般生,餐旅群,337,桃園縣私立育達高中,觀光事業科
225,國立澎湖科技大學,觀光休閒系,四技日間部,日間部四技觀光休閒系一乙,S46AB6A696,甄選入學,甄選一般生,餐旅群,408,臺中市葳格高級中學,餐飲管理科
226,國立澎湖科技大學,觀光休閒系,四技日間部,日間部四技觀光休閒系一乙,SCEA8D2FF4,甄選入學,甄選一般生,餐旅群,406,台中市國立台中高農,餐飲管理科
227,國立澎湖科技大學,觀光休閒系,四技日間部,日間部四技觀光休閒系一乙,S45CAE111D,甄選入學,甄選一般生,餐旅群,710,臺南市國立曾文家商,餐飲管理科
228,國立澎湖科技大學,觀光休閒系,四技日間部,日間部四技觀光休閒系一乙,SFBC0F30D8,甄選入學,甄選一般生,餐旅群,330,桃園縣私立永平工商,餐飲管理科
229,國立澎湖科技大學,觀光休閒系,四技日間部,日間部四技觀光休閒系一乙,S722414F9D,聯合登記分發,聯登一般生,餐旅群,302,苗栗縣立三義高級中學,綜合高中部
230,國立澎湖科技大學,觀光休閒系,四技日間部,日間部四技觀光休閒系一乙,S9D70CFA4F,聯合登記分發,聯登一般生,餐旅群,433,臺中市私立嶺東高中,觀光事業科
231,國立澎湖科技大學,觀光休閒系,四技日間部,日間部四技觀光休閒系一乙,S40049AB09,聯合登記分發,聯登一般生,餐旅群,600,彰化縣國立彰化高商,資料處理科
232,國立澎湖科技大學,觀光休閒系,四技日間部,日間部四技觀光休閒系一乙,S265C82266,聯合登記分發,聯登一般生,餐旅群,701,國立台南高級商業職業學校,觀光事業科
233,國立澎湖科技大學,觀光休閒系,四技日間部,日間部四技觀光休閒系一乙,SA51DD1C23,聯合登記分發,聯登一般生,餐旅群,718,臺南市亞洲高級餐旅職業學校,餐飲管理科
234,國立澎湖科技大學,觀光休閒系,四技日間部,日間部四技觀光休閒系一乙,SD4E75CF13,聯合登記分發,聯登一般生,餐旅群,807,高雄市立楠梓高中,綜合高中部
235,國立澎湖科技大學,觀光休閒系,四技日間部,日間部四技觀光休閒系一乙,SF3B032EAD,聯合登記分發,聯登一般生,餐旅群,806,高雄市市立中正高工,製圖科
236,國立澎湖科技大學,觀光休閒系,四技日間部,日間部四技觀光休閒系一乙,S27B14DA92,聯合登記分發,聯登一般生,餐旅群,830,高雄縣私立中山工商,餐飲管理科
237,國立澎湖科技大學,觀光休閒系,四技日間部,日間部四技觀光休閒系一乙,S982A5A997,聯合登記分發,聯登一般生,餐旅群,881,澎湖縣國立馬公高中,觀光事業科
238,國立澎湖科技大學,觀光休閒系,四技日間部,日間部四技觀光休閒系一乙,S183354A63,聯合登記分發,聯登一般生,餐旅群,880,澎湖縣國立澎湖海事高職,餐飲管理科
239,國立澎湖科技大學,觀光休閒系,四技日間部,日間部四技觀光休閒系一乙,SDA9F8D104,聯合登記分發,聯登一般生,餐旅群,885,澎湖縣國立馬公高中,觀光事業科
240,國立澎湖科技大學,食品科學系,四技日間部,日間部四技食品科學系一甲,S1301735FF,繁星推甄,繁星生,食品群,721,臺南市國立曾文農工,食品加工科
241,國立澎湖科技大學,食品科學系,四技日間部,日間部四技食品科學系一甲,S8B40E6448,甄選入學,甄選一般生,食品群,724,臺南市國立北門農工,食品加工科
242,國立澎湖科技大學,食品科學系,四技日間部,日間部四技食品科學系一甲,SA952AE32E,甄選入學,甄選一般生,食品群,724,臺南市國立北門農工,食品加工科
243,國立澎湖科技大學,食品科學系,四技日間部,日間部四技食品科學系一甲,S64726A18A,甄選入學,甄選一般生,食品群,722,臺南市國立北門農工,食品加工科
244,國立澎湖科技大學,食品科學系,四技日間部,日間部四技食品科學系一甲,S260F73BD3,甄選入學,甄選一般生,食品群,710,臺南市國立北門農工,食品加工科
245,國立澎湖科技大學,食品科學系,四技日間部,日間部四技食品科學系一甲,SAEE47C968,甄選入學,甄選一般生,食品群,615,嘉義縣國立東石高中,食品加工科
246,國立澎湖科技大學,食品科學系,四技日間部,日間部四技食品科學系一甲,SD660AC36C,甄選入學,甄選一般生,食品群,820,臺南市國立曾文農工,烘焙食品科
247,國立澎湖科技大學,食品科學系,四技日間部,日間部四技食品科學系一甲,S6D78DD179,甄選入學,甄選一般生,食品群,510,彰化縣國立員林農工,食品加工科
248,國立澎湖科技大學,食品科學系,四技日間部,日間部四技食品科學系一甲,S1CABDF1CE,甄選入學,甄選一般生,食品群,358,苗栗縣國立大湖農工,食品加工科
249,國立澎湖科技大學,食品科學系,四技日間部,日間部四技食品科學系一甲,S64BE359CB,甄選入學,甄選一般生,食品群,516,彰化縣國立員林農工,食品加工科
250,國立澎湖科技大學,食品科學系,四技日間部,日間部四技食品科學系一甲,S3151BA3C5,甄選入學,甄選一般生,食品群,303,苗栗縣國立大湖農工,食品加工科
251,國立澎湖科技大學,食品科學系,四技日間部,日間部四技食品科學系一甲,S34BAD9A38,甄選入學,甄選一般生,食品群,350,苗栗縣國立大湖農工,食品加工科
252,國立澎湖科技大學,食品科學系,四技日間部,日間部四技食品科學系一甲,S165AB09B5,甄選入學,甄選一般生,食品群,304,苗栗縣國立大湖農工,食品加工科
253,國立澎湖科技大學,食品科學系,四技日間部,日間部四技食品科學系一甲,S39DF5F828,甄選入學,甄選離島生,食品群,880,澎湖縣國立澎湖海事高職,水產食品科
254,國立澎湖科技大學,食品科學系,四技日間部,日間部四技食品科學系一甲,S2DBD564FD,甄選入學,甄選一般生,食品群,353,苗栗縣國立苗栗農工,食品加工科
255,國立澎湖科技大學,食品科學系,四技日間部,日間部四技食品科學系一甲,SB043A5E12,甄選入學,甄選一般生,食品群,357,苗栗縣國立苗栗農工,食品加工科
256,國立澎湖科技大學,食品科學系,四技日間部,日間部四技食品科學系一甲,S8CAD4733E,聯合登記分發,聯登一般生,食品群,204,基隆市國立基隆海事,食品科
257,國立澎湖科技大學,食品科學系,四技日間部,日間部四技食品科學系一甲,S42EFE02D8,聯合登記分發,聯登一般生,食品群,366,苗栗縣國立大湖農工,食品加工科
258,國立澎湖科技大學,食品科學系,四技日間部,日間部四技食品科學系一甲,S47EAA89AF,聯合登記分發,聯登一般生,食品群,401,台中縣國立霧峰農工,食品加工科
259,國立澎湖科技大學,食品科學系,四技日間部,日間部四技食品科學系一甲,SAE7F3E482,聯合登記分發,聯登一般生,食品群,503,彰化縣國立員林農工,食品加工科
260,國立澎湖科技大學,食品科學系,四技日間部,日間部四技食品科學系一甲,S7BEB51578,聯合登記分發,聯登一般生,食品群,652,嘉義縣國立東石高中,食品加工科
261,國立澎湖科技大學,食品科學系,四技日間部,日間部四技食品科學系一甲,S7A826A97E,聯合登記分發,聯登一般生,食品群,613,嘉義縣國立東石高中,食品加工科
262,國立澎湖科技大學,食品科學系,四技日間部,日間部四技食品科學系一甲,S0B3602C59,聯合登記分發,聯登一般生,食品群,608,嘉義縣國立民雄農工,食品加工科
263,國立澎湖科技大學,食品科學系,四技日間部,日間部四技食品科學系一甲,S94381EA62,聯合登記分發,聯登一般生,食品群,611,嘉義縣國立東石高中,食品加工科
264,國立澎湖科技大學,食品科學系,四技日間部,日間部四技食品科學系一甲,S517B2E9F3,聯合登記分發,聯登一般生,食品群,722,臺南市國立北門農工,食品加工科
265,國立澎湖科技大學,食品科學系,四技日間部,日間部四技食品科學系一甲,SB6E9D97EB,聯合登記分發,聯登一般生,食品群,712,臺南市國立臺南海事,烘焙食品科
266,國立澎湖科技大學,食品科學系,四技日間部,日間部四技食品科學系一甲,SB057C2947,聯合登記分發,聯登一般生,食品群,826,高雄縣國立岡山農工,食品加工科
267,國立澎湖科技大學,食品科學系,四技日間部,日間部四技食品科學系一甲,S459C06E86,聯合登記分發,聯登一般生,食品群,806,高雄縣國立岡山農工,食品加工科
268,國立澎湖科技大學,食品科學系,四技日間部,日間部四技食品科學系一甲,SD496429CD,聯合登記分發,聯登一般生,食品群,824,高雄縣國立旗山農工,食品加工科
269,國立澎湖科技大學,電信工程系,四技日間部,日間部四技電信工程系一甲,SE8E2118AB,高中生申請入學,一般生,,880,澎湖縣國立馬公高中,普通科
270,國立澎湖科技大學,電信工程系,四技日間部,日間部四技電信工程系一甲,SFD13FF029,繁星推甄,繁星生,電機與電子群,714,臺南市國立玉井工商,電子科
271,國立澎湖科技大學,電信工程系,四技日間部,日間部四技電信工程系一甲,SA4D7473DD,繁星推甄,繁星生,電機與電子群,551,台中縣私立青年高中,水電技術科
272,國立澎湖科技大學,電信工程系,四技日間部,日間部四技電信工程系一甲,S41D008AF5,技優甄審,技優生,電機類,830,高雄市市立中正高工,冷凍科
273,國立澎湖科技大學,電信工程系,四技日間部,日間部四技電信工程系一甲,SB30B84D02,技優甄審,技優生,電機類,830,高雄市市立中正高工,冷凍科
274,國立澎湖科技大學,電信工程系,四技日間部,日間部四技電信工程系一甲,SCB873ADA5,技優甄審,技優生,電機類,831,高雄縣私立中山工商,電機科
275,國立澎湖科技大學,電信工程系,四技日間部,日間部四技電信工程系一甲,S2C82F317A,技優甄審,技優生,電機類,264,宜蘭縣國立羅東高工,電機科
276,國立澎湖科技大學,電信工程系,四技日間部,日間部四技電信工程系一甲,S47FA79B3B,技優甄審,技優生,電子類,221,新北市立樟樹國際實創高級中學,資訊科
277,國立澎湖科技大學,電信工程系,四技日間部,日間部四技電信工程系一甲,S5D1861788,甄選入學,甄選一般生,電機與電子群資電類,702,臺南市國立北門農工,電子科
278,國立澎湖科技大學,電信工程系,四技日間部,日間部四技電信工程系一甲,SA68A8933F,甄選入學,甄選一般生,電機與電子群資電類,305,新竹縣私立內思高工,資訊科
279,國立澎湖科技大學,電信工程系,四技日間部,日間部四技電信工程系一甲,S1BDCC0DB0,甄選入學,甄選一般生,電機與電子群資電類,326,桃園縣國立楊梅高中,資訊科
280,國立澎湖科技大學,電信工程系,四技日間部,日間部四技電信工程系一甲,S644FD9D17,甄選入學,甄選一般生,電機與電子群電機類,247,台北縣國立淡水商工,電機科
281,國立澎湖科技大學,電信工程系,四技日間部,日間部四技電信工程系一甲,S64E73B753,甄選入學,甄選一般生,電機與電子群電機類,106,台北市開南高級中等學校,電機科
282,國立澎湖科技大學,電信工程系,四技日間部,日間部四技電信工程系一甲,S780991FDB,甄選入學,甄選一般生,電機與電子群電機類,807,高雄市市立中正高工,電機科
283,國立澎湖科技大學,電信工程系,四技日間部,日間部四技電信工程系一甲,S7D072ED04,甄選入學,甄選一般生,電機與電子群電機類,814,高雄市市立高雄高工,冷凍空調科
284,國立澎湖科技大學,電信工程系,四技日間部,日間部四技電信工程系一甲,SAB0F823C1,甄選入學,甄選一般生,電機與電子群電機類,231,台北市市立內湖高工,電機科
285,國立澎湖科技大學,電信工程系,四技日間部,日間部四技電信工程系一甲,SDC06A4B15,甄選入學,甄選一般生,電機與電子群電機類,114,台北市市立內湖高工,冷凍空調科
286,國立澎湖科技大學,電信工程系,四技日間部,日間部四技電信工程系一甲,S8F1B15093,甄選入學,甄選一般生,電機與電子群電機類,220,台北市市立南港高工,冷凍空調科
287,國立澎湖科技大學,電信工程系,四技日間部,日間部四技電信工程系一甲,S048ADC827,甄選入學,甄選一般生,電機與電子群電機類,351,苗栗縣國立苗栗農工,電機科
288,國立澎湖科技大學,電信工程系,四技日間部,日間部四技電信工程系一甲,SC7F741C79,甄選入學,甄選一般生,電機與電子群電機類,900,屏東縣國立屏東高工,電機科
289,國立澎湖科技大學,電信工程系,四技日間部,日間部四技電信工程系一甲,SEFCEF4373,聯合登記分發,聯登一般生,動力機械群,407,臺中市私立嶺東高中,汽車修護科
290,國立澎湖科技大學,電信工程系,四技日間部,日間部四技電信工程系一甲,SC6B53C054,聯合登記分發,聯登一般生,動力機械群,505,彰化縣國立鹿港高中,汽車科
291,國立澎湖科技大學,電信工程系,四技日間部,日間部四技電信工程系一甲,SFDB688EBE,聯合登記分發,聯登一般生,動力機械群,606,嘉義市國立嘉義高工,汽車科
292,國立澎湖科技大學,電信工程系,四技日間部,日間部四技電信工程系一甲,S3F70AAAB4,聯合登記分發,聯登一般生,電機與電子群電機類,204,台北市市立內湖高工,電機科
293,國立澎湖科技大學,電信工程系,四技日間部,日間部四技電信工程系一甲,S7FFB7ECF3,聯合登記分發,聯登一般生,電機與電子群電機類,326,桃園縣私立治平高中,電機科
294,國立澎湖科技大學,電信工程系,四技日間部,日間部四技電信工程系一甲,S42DC0183D,聯合登記分發,聯登一般生,電機與電子群電機類,366,苗栗縣國立大湖農工,電機科
295,國立澎湖科技大學,電信工程系,四技日間部,日間部四技電信工程系一甲,S644352197,聯合登記分發,聯登一般生,電機與電子群電機類,364,苗栗縣國立大湖農工,電機科
296,國立澎湖科技大學,電信工程系,四技日間部,日間部四技電信工程系一甲,SBB594368F,聯合登記分發,聯登一般生,電機與電子群電機類,520,彰化縣國立員林崇實高級工業職業學校,電機空調科
297,國立澎湖科技大學,電信工程系,四技日間部,日間部四技電信工程系一甲,SBD998F2AB,聯合登記分發,聯登一般生,電機與電子群電機類,715,臺南市國立新化高工,電機科
298,國立澎湖科技大學,電信工程系,四技日間部,日間部四技電信工程系一甲,SD6A91DBFA,聯合登記分發,聯登一般生,電機與電子群電機類,807,高雄市市立中正高工,電機科
299,國立澎湖科技大學,電信工程系,四技日間部,日間部四技電信工程系一甲,SDC68210FF,聯合登記分發,聯登一般生,電機與電子群電機類,824,高雄縣國立岡山農工,資訊科
300,國立澎湖科技大學,電信工程系,四技日間部,日間部四技電信工程系一甲,S0FDE319D6,聯合登記分發,聯登一般生,電機與電子群電機類,900,屏東縣國立內埔農工,電機科
301,國立澎湖科技大學,電信工程系,四技日間部,日間部四技電信工程系一甲,SF082C5706,聯合登記分發,聯登一般生,電機與電子群電機類,950,國立台東專科學校,電機科
302,國立澎湖科技大學,電信工程系,四技日間部,日間部四技電信工程系一甲,S5BC2BD58A,聯合登記分發,聯登一般生,電機與電子群資電類,325,桃園縣私立治平高中,電子科
303,國立澎湖科技大學,電信工程系,四技日間部,日間部四技電信工程系一甲,S6CC553D41,聯合登記分發,聯登一般生,電機與電子群資電類,320,桃園縣私立治平高中,資訊科
304,國立澎湖科技大學,電信工程系,四技日間部,日間部四技電信工程系一甲,S2949D6165,聯合登記分發,聯登一般生,電機與電子群資電類,324,桃園縣私立育達高中,資訊科
305,國立澎湖科技大學,電信工程系,四技日間部,日間部四技電信工程系一甲,S8838CDDA1,聯合登記分發,聯登一般生,電機與電子群資電類,334,新竹縣私立內思高工,資訊科
306,國立澎湖科技大學,電信工程系,四技日間部,日間部四技電信工程系一甲,S8654FCF6E,聯合登記分發,聯登一般生,電機與電子群資電類,718,臺南市國立台南高工,電子科
307,國立澎湖科技大學,電信工程系,四技日間部,日間部四技電信工程系一甲,SCFA598028,聯合登記分發,聯登一般生,電機與電子群資電類,726,臺南市國立北門農工,電子科
308,國立澎湖科技大學,海洋遊憩系,四技日間部,日間部四技海洋遊憩系一甲,S138E7C988,運動績優單招,一般生,,722,臺南市國立北門農工,體育班
309,國立澎湖科技大學,海洋遊憩系,四技日間部,日間部四技海洋遊憩系一甲,S0771190E8,運動績優單招,一般生,,885,高雄市市立仁武中學,普通科
310,國立澎湖科技大學,海洋遊憩系,四技日間部,日間部四技海洋遊憩系一甲,S22291AE35,聯合登記分發,聯登一般生,餐旅群,114,台北市私立滬江中學,餐飲管理科
311,國立澎湖科技大學,海洋遊憩系,四技日間部,日間部四技海洋遊憩系一甲,SE6DF0B6E9,運動績優單招,一般生,,244,台北縣國立林口高中,普通科
312,國立澎湖科技大學,海洋遊憩系,四技日間部,日間部四技海洋遊憩系一甲,S520782B2A,運動績優單招,一般生,,703,臺南市光華高級中學,餐飲管理科
313,國立澎湖科技大學,海洋遊憩系,四技日間部,日間部四技海洋遊憩系一甲,SEADF615A8,運動績優單招,一般生,,726,臺南市國立曾文家商,餐飲管理科
314,國立澎湖科技大學,海洋遊憩系,四技日間部,日間部四技海洋遊憩系一甲,SDEA9C8208,運動績優單招,一般生,,231,台北市市立西松高中,普通科
315,國立澎湖科技大學,海洋遊憩系,四技日間部,日間部四技海洋遊憩系一甲,SA1882F1A0,運動績優單招,一般生,,741,臺南市國立新化高中,普通科
316,國立澎湖科技大學,海洋遊憩系,四技日間部,日間部四技海洋遊憩系一甲,S3101DA8F2,運動績優單招,一般生,,880,桃園縣國立桃園高中,普通科
317,國立澎湖科技大學,海洋遊憩系,四技日間部,日間部四技海洋遊憩系一甲,SBABEFB129,身心障礙單招,一般生,,106,台北市市立南港高工,鑄造科
318,國立澎湖科技大學,海洋遊憩系,四技日間部,日間部四技海洋遊憩系一甲,SCD79628CA,身心障礙單招,一般生,,815,高雄市市立中正高工,電機科
319,國立澎湖科技大學,海洋遊憩系,四技日間部,日間部四技海洋遊憩系一甲,S57C4B5977,特殊選才,特選-青儲生,不分類別,406,臺中市私立嶺東高中,觀光事業科
320,國立澎湖科技大學,海洋遊憩系,四技日間部,日間部四技海洋遊憩系一甲,SC4F00A411,技優甄審,技優生,餐旅類,412,台中縣私立僑泰高中,餐飲管理科
321,國立澎湖科技大學,海洋遊憩系,四技日間部,日間部四技海洋遊憩系一甲,S204250661,甄選入學,甄選一般生,商管群,632,雲林縣國立土庫商工,商業經營科
322,國立澎湖科技大學,海洋遊憩系,四技日間部,日間部四技海洋遊憩系一甲,S29569DCE2,甄選入學,甄選一般生,商管群,632,雲林縣國立土庫商工,商業經營科
323,國立澎湖科技大學,海洋遊憩系,四技日間部,日間部四技海洋遊憩系一甲,S11543D629,甄選入學,甄選一般生,餐旅群,402,台中縣私立僑泰高中,餐飲管理科
324,國立澎湖科技大學,海洋遊憩系,四技日間部,日間部四技海洋遊憩系一甲,S1014D9557,甄選入學,甄選一般生,餐旅群,427,台中縣私立僑泰高中,餐飲管理科
325,國立澎湖科技大學,海洋遊憩系,四技日間部,日間部四技海洋遊憩系一甲,SC68459D35,甄選入學,甄選一般生,餐旅群,401,台中縣私立僑泰高中,餐飲管理科
326,國立澎湖科技大學,海洋遊憩系,四技日間部,日間部四技海洋遊憩系一甲,SA27BB6732,甄選入學,甄選一般生,餐旅群,249,台北縣國立淡水商工,餐飲管理科
327,國立澎湖科技大學,海洋遊憩系,四技日間部,日間部四技海洋遊憩系一甲,S4D19E21D1,甄選入學,甄選一般生,餐旅群,235,台北市開南高級中等學校,餐飲管理科
328,國立澎湖科技大學,海洋遊憩系,四技日間部,日間部四技海洋遊憩系一甲,S30B29AB2C,甄選入學,甄選一般生,餐旅群,324,桃園縣私立育達高中,餐飲管理科
329,國立澎湖科技大學,海洋遊憩系,四技日間部,日間部四技海洋遊憩系一甲,S0CD8D0E57,甄選入學,甄選一般生,餐旅群,709,臺南市國立曾文家商,餐飲管理科
330,國立澎湖科技大學,海洋遊憩系,四技日間部,日間部四技海洋遊憩系一甲,S75D9124FC,甄選入學,甄選一般生,餐旅群,324,桃園縣私立永平工商,餐飲管理科
331,國立澎湖科技大學,海洋遊憩系,四技日間部,日間部四技海洋遊憩系一甲,SAB8FF0345,甄選入學,甄選一般生,餐旅群,326,桃園縣私立永平工商,餐飲管理科
332,國立澎湖科技大學,海洋遊憩系,四技日間部,日間部四技海洋遊憩系一甲,SB1F3256B3,甄選入學,甄選一般生,電機與電子群資電類,221,台北市市立松山工農,電子技術科
333,國立澎湖科技大學,海洋遊憩系,四技日間部,日間部四技海洋遊憩系一甲,SD26FB57FA,甄選入學,甄選一般生,電機與電子群資電類,420,台中縣私立明道高中,電子科
334,國立澎湖科技大學,海洋遊憩系,四技日間部,日間部四技海洋遊憩系一甲,SA8E636A48,聯合登記分發,聯登一般生,商管群,231,台北市市立松山家商,商業經營科
335,國立澎湖科技大學,海洋遊憩系,四技日間部,日間部四技海洋遊憩系一甲,SE4DC05D81,聯合登記分發,聯登一般生,商管群,814,高雄縣國立鳳山商工,國際貿易科
336,國立澎湖科技大學,海洋遊憩系,四技日間部,日間部四技海洋遊憩系一甲,SEBF0A0FF4,聯合登記分發,聯登一般生,餐旅群,304,新竹縣私立忠信高中,綜合高中部
337,國立澎湖科技大學,海洋遊憩系,四技日間部,日間部四技海洋遊憩系一甲,S6ED11AE9E,聯合登記分發,聯登一般生,餐旅群,427,台中市國立台中高農,觀光事務科
338,國立澎湖科技大學,海洋遊憩系,四技日間部,日間部四技海洋遊憩系一甲,S0BD835FAA,聯合登記分發,聯登一般生,餐旅群,433,臺中市私立嶺東高中,觀光事業科
339,國立澎湖科技大學,海洋遊憩系,四技日間部,日間部四技海洋遊憩系一甲,SCB86CA11F,聯合登記分發,聯登一般生,餐旅群,821,國立高餐大附屬餐旅中學,烹調技術科
340,國立澎湖科技大學,海洋遊憩系,四技日間部,日間部四技海洋遊憩系一甲,SFAEADB931,聯合登記分發,聯登一般生,餐旅群,830,高雄縣國立鳳山商工,觀光事業科
341,國立澎湖科技大學,海洋遊憩系,四技日間部,日間部四技海洋遊憩系一甲,S476AA2DD0,聯合登記分發,聯登一般生,餐旅群,814,高雄縣私立中山工商,餐飲技術科
342,國立澎湖科技大學,電機工程系,四技日間部,日間部四技電機工程系一甲,SA93734CED,技優甄審,技優生,電機類,241,台北市開南高級中等學校,電機科
343,國立澎湖科技大學,電機工程系,四技日間部,日間部四技電機工程系一甲,S7F0C5F139,技優甄審,技優生,電機類,634,雲林縣國立北港農工,電機科
344,國立澎湖科技大學,電機工程系,四技日間部,日間部四技電機工程系一甲,S13ABF9B57,技優甄審,技優生,電子類,802,高雄市市立中正高工,資訊科
345,國立澎湖科技大學,電機工程系,四技日間部,日間部四技電機工程系一甲,S45B8F4257,技優甄審,技優生,電子類,203,基隆市私立二信高中,電機科
346,國立澎湖科技大學,電機工程系,四技日間部,日間部四技電機工程系一甲,S9774BB844,甄選入學,甄選一般生,電機與電子群電機類,251,台北縣國立淡水商工,控制科
347,國立澎湖科技大學,電機工程系,四技日間部,日間部四技電機工程系一甲,S1CC035CCE,甄選入學,甄選一般生,電機與電子群電機類,114,台北市市立南港高工,冷凍空調科
348,國立澎湖科技大學,電機工程系,四技日間部,日間部四技電機工程系一甲,S6564F30A8,甄選入學,甄選一般生,電機與電子群電機類,260,宜蘭縣國立羅東高工,電機科
349,國立澎湖科技大學,電機工程系,四技日間部,日間部四技電機工程系一甲,S70D899D7B,甄選入學,甄選一般生,電機與電子群電機類,503,彰化縣國立員林崇實高級工業職業學校,電機科
350,國立澎湖科技大學,電機工程系,四技日間部,日間部四技電機工程系一甲,SA9998EC4A,甄選入學,甄選一般生,電機與電子群電機類,830,高雄市市立中正高工,電機科
351,國立澎湖科技大學,電機工程系,四技日間部,日間部四技電機工程系一甲,S1C05C3B12,甄選入學,甄選一般生,電機與電子群電機類,821,高雄市市立高雄高工,冷凍空調科
352,國立澎湖科技大學,電機工程系,四技日間部,日間部四技電機工程系一甲,SE866F59A9,甄選入學,甄選一般生,電機與電子群電機類,234,台北市市立內湖高工,電機科
353,國立澎湖科技大學,電機工程系,四技日間部,日間部四技電機工程系一甲,S04ED83DDF,甄選入學,甄選一般生,電機與電子群電機類,106,台北市市立內湖高工,冷凍空調科
354,國立澎湖科技大學,電機工程系,四技日間部,日間部四技電機工程系一甲,S4DF62D4E7,甄選入學,甄選一般生,電機與電子群電機類,638,雲林縣國立虎尾農工,電機科
355,國立澎湖科技大學,電機工程系,四技日間部,日間部四技電機工程系一甲,S4662678B6,甄選入學,甄選一般生,電機與電子群電機類,621,嘉義縣國立民雄農工,電機科
356,國立澎湖科技大學,電機工程系,四技日間部,日間部四技電機工程系一甲,S91EC8CAB5,甄選入學,甄選一般生,電機與電子群電機類,814,高雄市市立高雄高工,冷凍空調科
357,國立澎湖科技大學,電機工程系,四技日間部,日間部四技電機工程系一甲,S8C49440D7,甄選入學,甄選一般生,電機與電子群資電類,437,台中縣私立致用高中,資訊科
358,國立澎湖科技大學,電機工程系,四技日間部,日間部四技電機工程系一甲,SCA5EC5DCA,甄選入學,甄選一般生,電機與電子群資電類,432,臺中市私立嶺東高中,電子科
359,國立澎湖科技大學,電機工程系,四技日間部,日間部四技電機工程系一甲,SCDD6395CE,甄選入學,甄選一般生,電機與電子群資電類,433,臺中市私立嶺東高中,資訊科
360,國立澎湖科技大學,電機工程系,四技日間部,日間部四技電機工程系一甲,SF1F148E7D,甄選入學,甄選一般生,電機與電子群資電類,633,雲林縣國立西螺農工,電子科
361,國立澎湖科技大學,電機工程系,四技日間部,日間部四技電機工程系一甲,SBA62AE12B,甄選入學,甄選一般生,電機與電子群資電類,302,新竹縣私立義民高中,資訊科
362,國立澎湖科技大學,電機工程系,四技日間部,日間部四技電機工程系一甲,SBA0C273D4,甄選入學,甄選一般生,電機與電子群資電類,701,臺南市國立台南高工,電機科
363,國立澎湖科技大學,電機工程系,四技日間部,日間部四技電機工程系一甲,S78F3F756F,甄選入學,甄選一般生,電機與電子群資電類,651,雲林縣國立北港農工,電機科
364,國立澎湖科技大學,電機工程系,四技日間部,日間部四技電機工程系一甲,SBF5949489,甄選入學,甄選一般生,電機與電子群資電類,206,台北市市立南港高工,電子科
365,國立澎湖科技大學,電機工程系,四技日間部,日間部四技電機工程系一甲,S1AE6351B2,聯合登記分發,聯登一般生,電機與電子群電機類,116,台北市市立內湖高工,冷凍空調科
366,國立澎湖科技大學,電機工程系,四技日間部,日間部四技電機工程系一甲,S9C7A1E631,聯合登記分發,聯登一般生,電機與電子群電機類,111,台北市市立內湖高工,電機科
367,國立澎湖科技大學,電機工程系,四技日間部,日間部四技電機工程系一甲,SE7F562E88,聯合登記分發,聯登一般生,電機與電子群電機類,247,台北市開南高級中等學校,電機科
368,國立澎湖科技大學,電機工程系,四技日間部,日間部四技電機工程系一甲,S389625F04,聯合登記分發,聯登一般生,電機與電子群電機類,112,台北市市立大安高工,冷凍空調科
369,國立澎湖科技大學,電機工程系,四技日間部,日間部四技電機工程系一甲,SDDA966F8F,聯合登記分發,聯登一般生,電機與電子群電機類,351,苗栗縣國立大湖農工,電機科
370,國立澎湖科技大學,電機工程系,四技日間部,日間部四技電機工程系一甲,S479D03FC9,聯合登記分發,聯登一般生,電機與電子群電機類,369,苗栗縣國立大湖農工,電機科
371,國立澎湖科技大學,電機工程系,四技日間部,日間部四技電機工程系一甲,S2D626D821,聯合登記分發,聯登一般生,電機與電子群電機類,524,彰化縣國立二林工商,電機科
372,國立澎湖科技大學,電機工程系,四技日間部,日間部四技電機工程系一甲,S090C0E6A1,聯合登記分發,聯登一般生,電機與電子群電機類,514,彰化縣國立二林工商,電機科
373,國立澎湖科技大學,電機工程系,四技日間部,日間部四技電機工程系一甲,S8D91361CA,聯合登記分發,聯登一般生,電機與電子群電機類,640,雲林縣國立虎尾農工,電機科
374,國立澎湖科技大學,電機工程系,四技日間部,日間部四技電機工程系一甲,S91B6ACE24,聯合登記分發,聯登一般生,電機與電子群電機類,741,臺南市國立新化高工,電機科
375,國立澎湖科技大學,電機工程系,四技日間部,日間部四技電機工程系一甲,SA68390D7B,聯合登記分發,聯登一般生,電機與電子群電機類,807,高雄縣國立岡山農工,電機科
376,國立澎湖科技大學,電機工程系,四技日間部,日間部四技電機工程系一甲,S15975557D,聯合登記分發,聯登一般生,電機與電子群電機類,932,高雄縣私立中山工商,電機科
377,國立澎湖科技大學,電機工程系,四技日間部,日間部四技電機工程系一甲,SFE7EB4734,聯合登記分發,聯登一般生,電機與電子群資電類,324,台北縣鶯歌工商,資訊科
378,國立澎湖科技大學,電機工程系,四技日間部,日間部四技電機工程系一甲,SA76E56A82,聯合登記分發,聯登一般生,電機與電子群資電類,324,桃園縣私立六和高中,資訊科
379,國立澎湖科技大學,電機工程系,四技日間部,日間部四技電機工程系一甲,SF07818736,聯合登記分發,聯登一般生,電機與電子群資電類,435,台中縣國立大甲高工,電子科
380,國立澎湖科技大學,電機工程系,四技日間部,日間部四技電機工程系一甲,S47492D552,聯合登記分發,聯登一般生,電機與電子群資電類,701,臺南市國立台南高工,電機科
381,國立澎湖科技大學,電機工程系,四技日間部,日間部四技電機工程系一甲,S7FAD05BDE,聯合登記分發,聯登一般生,電機與電子群資電類,807,高雄市市立中正高工,資訊科
382,國立澎湖科技大學,電機工程系,四技日間部,日間部四技電機工程系一甲,S8FEE2CBC7,聯合登記分發,聯登一般生,電機與電子群資電類,802,高雄市市立高雄高工,電子科
383,國立澎湖科技大學,行銷與物流管理系,四技日間部,日間部四技行銷與物流管理系一甲,S4142A8EBD,身心障礙甄試,一般生,,633,雲林縣國立土庫商工,商業經營科
384,國立澎湖科技大學,行銷與物流管理系,四技日間部,日間部四技行銷與物流管理系一甲,S81C0EBBBF,繁星推甄,繁星生,商管群,806,高雄市私立復華高中,電子商務(處理)科
385,國立澎湖科技大學,行銷與物流管理系,四技日間部,日間部四技行銷與物流管理系一甲,SFBDDAA40C,甄選入學,甄選一般生,商管群,831,高雄縣國立鳳山商工,商業經營科
386,國立澎湖科技大學,行銷與物流管理系,四技日間部,日間部四技行銷與物流管理系一甲,S2ACEDECE9,甄選入學,甄選一般生,商管群,334,桃園縣私立新興高中,機械科
387,國立澎湖科技大學,行銷與物流管理系,四技日間部,日間部四技行銷與物流管理系一甲,S5C7B03AEB,甄選入學,甄選一般生,商管群,111,台北市私立泰北中學,應用日語科
388,國立澎湖科技大學,行銷與物流管理系,四技日間部,日間部四技行銷與物流管理系一甲,S27F49AC10,甄選入學,甄選一般生,商管群,333,,
389,國立澎湖科技大學,行銷與物流管理系,四技日間部,日間部四技行銷與物流管理系一甲,S6574E248E,甄選入學,甄選一般生,商管群,806,高雄市私立復華高中,資料處理科
390,國立澎湖科技大學,行銷與物流管理系,四技日間部,日間部四技行銷與物流管理系一甲,S212794D69,甄選入學,甄選一般生,商管群,880,澎湖縣國立馬公高中,資料處理科
391,國立澎湖科技大學,行銷與物流管理系,四技日間部,日間部四技行銷與物流管理系一甲,SEF41E692A,甄選入學,甄選離島生,商管群,880,澎湖縣國立馬公高中,商業經營科
392,國立澎湖科技大學,行銷與物流管理系,四技日間部,日間部四技行銷與物流管理系一甲,SE8D4F86AA,甄選入學,甄選一般生,商管群,326,桃園縣國立中壢家商,資料處理科
393,國立澎湖科技大學,行銷與物流管理系,四技日間部,日間部四技行銷與物流管理系一甲,SD74FB8973,甄選入學,甄選一般生,商管群,411,臺中市私立新民高中,商業經營科
394,國立澎湖科技大學,行銷與物流管理系,四技日間部,日間部四技行銷與物流管理系一甲,S8CF2DD36B,甄選入學,甄選一般生,商管群,909,高雄市市立海青工商,會計事務科
395,國立澎湖科技大學,行銷與物流管理系,四技日間部,日間部四技行銷與物流管理系一甲,SDBDDE2033,甄選入學,甄選一般生,商管群,615,嘉義市國立嘉義高商,資料處理科
396,國立澎湖科技大學,行銷與物流管理系,四技日間部,日間部四技行銷與物流管理系一甲,SD041EA402,甄選入學,甄選一般生,商管群,302,新竹縣私立忠信高中,綜合高中部
397,國立澎湖科技大學,行銷與物流管理系,四技日間部,日間部四技行銷與物流管理系一甲,S4EF6CEC76,甄選入學,甄選一般生,商管群,606,嘉義市國立華南高商,國際貿易科
398,國立澎湖科技大學,行銷與物流管理系,四技日間部,日間部四技行銷與物流管理系一甲,S083796752,甄選入學,甄選一般生,商管群,412,南投縣國立草屯商工,商業經營科
399,國立澎湖科技大學,行銷與物流管理系,四技日間部,日間部四技行銷與物流管理系一甲,SD93D98B6B,甄選入學,甄選一般生,商管群,640,雲林縣國立土庫商工,商業經營科
400,國立澎湖科技大學,行銷與物流管理系,四技日間部,日間部四技行銷與物流管理系一甲,S08FC3A5F4,甄選入學,甄選一般生,商管群,710,臺南市國立新豐高中,綜合高中部
401,國立澎湖科技大學,行銷與物流管理系,四技日間部,日間部四技行銷與物流管理系一甲,SF1E36D843,甄選入學,甄選一般生,商管群,710,臺南市國立新豐高中,綜合高中部
402,國立澎湖科技大學,行銷與物流管理系,四技日間部,日間部四技行銷與物流管理系一甲,S3ADDDD762,甄選入學,甄選一般生,商管群,885,桃園縣私立振聲高中,電子商務(處理)科
403,國立澎湖科技大學,行銷與物流管理系,四技日間部,日間部四技行銷與物流管理系一甲,S7445DA7C6,甄選入學,甄選一般生,商管群,721,臺南市國立曾文家商,電子商務(處理)科
404,國立澎湖科技大學,行銷與物流管理系,四技日間部,日間部四技行銷與物流管理系一甲,S6F7956158,甄選入學,甄選離島生,餐旅群,885,澎湖縣國立澎湖海事高職,餐飲管理科
405,國立澎湖科技大學,行銷與物流管理系,四技日間部,日間部四技行銷與物流管理系一甲,S01F193C3A,聯合登記分發,聯登一般生,商管群,201,基隆市國立基隆商工,商業經營科
406,國立澎湖科技大學,行銷與物流管理系,四技日間部,日間部四技行銷與物流管理系一甲,SE9A7D89D0,聯合登記分發,聯登一般生,商管群,202,基隆市私立二信高中,資料處理科
407,國立澎湖科技大學,行銷與物流管理系,四技日間部,日間部四技行銷與物流管理系一甲,S5AF94444F,聯合登記分發,聯登一般生,商管群,220,新北市立新北高工,應用英語科
408,國立澎湖科技大學,行銷與物流管理系,四技日間部,日間部四技行銷與物流管理系一甲,S121D81F05,聯合登記分發,聯登一般生,商管群,500,彰化縣國立員林家商,商業經營科
409,國立澎湖科技大學,行銷與物流管理系,四技日間部,日間部四技行銷與物流管理系一甲,S0E36EF574,聯合登記分發,聯登一般生,商管群,513,彰化縣國立北斗家商,商業經營科
410,國立澎湖科技大學,行銷與物流管理系,四技日間部,日間部四技行銷與物流管理系一甲,S571A4275B,聯合登記分發,聯登一般生,商管群,971,花蓮縣私立海星高中,綜合高中部
411,國立澎湖科技大學,行銷與物流管理系,四技日間部,日間部四技行銷與物流管理系一甲,SF1C231D22,聯合登記分發,聯登一般生,商管群,880,澎湖縣國立馬公高中,商業經營科
412,國立澎湖科技大學,行銷與物流管理系,四技日間部,日間部四技行銷與物流管理系一甲,S24DEA556F,聯合登記分發,聯登一般生,商管群,883,澎湖縣國立澎湖海事高職,汽車科
